Z,out0,module00
Z,module00,out0
Z,out0,module10
Z,module10,out0
Z,out0,module30
Z,module30,out0
Z,out0,module20
Z,module20,out0
Z,module20,module20
Z,module20,module94
Z,module20,module64
Z,module50,module84
Z,module90,module84
Z,module30,module84
Z,module10,module10
Z,module10,module114
Z,module10,module74
Z,module00,module00
Z,module00,module104
Z,module00,module54
X,empty0,empty0
X,empty0,module00
X,empty0,module10
X,empty0,module20
X,empty0,module30
X,empty0,module40
X,empty0,module41
X,empty0,module44
X,empty0,module50
X,empty0,module53
X,empty0,module54
X,empty0,module60
X,empty0,module61
X,empty0,module64
X,empty0,module70
X,empty0,module73
X,empty0,module74
X,empty0,module80
X,empty0,module81
X,empty0,module82
X,empty0,module83
X,empty0,module84
X,empty0,module90
X,empty0,module91
X,empty0,module92
X,empty0,module93
X,empty0,module94
X,empty0,module100
X,empty0,module101
X,empty0,module102
X,empty0,module103
X,empty0,module104
X,empty0,module110
X,empty0,module111
X,empty0,module112
X,empty0,module113
X,empty0,module114
X,empty0,out0
Y,empty0,empty0
Y,empty0,module00
Y,empty0,module10
Y,empty0,module20
Y,empty0,module30
Y,empty0,module40
Y,empty0,module41
Y,empty0,module42
Y,empty0,module43
Y,empty0,module44
Y,empty0,module50
Y,empty0,module51
Y,empty0,module52
Y,empty0,module53
Y,empty0,module54
Y,empty0,module60
Y,empty0,module61
Y,empty0,module62
Y,empty0,module63
Y,empty0,module64
Y,empty0,module70
Y,empty0,module71
Y,empty0,module72
Y,empty0,module73
Y,empty0,module74
Y,empty0,module80
Y,empty0,module81
Y,empty0,module84
Y,empty0,module90
Y,empty0,module93
Y,empty0,module94
Y,empty0,module100
Y,empty0,module101
Y,empty0,module104
Y,empty0,module110
Y,empty0,module113
Y,empty0,module114
Y,empty0,out0
Z,empty0,empty0
Z,empty0,module41
Z,empty0,module42
Z,empty0,module51
Z,empty0,module52
Z,empty0,module61
Z,empty0,module62
Z,empty0,module71
Z,empty0,module72
Z,empty0,module81
Z,empty0,module82
Z,empty0,module91
Z,empty0,module92
Z,empty0,module101
Z,empty0,module102
Z,empty0,module111
Z,empty0,module112
Z,empty0,out0
X,module00,empty0
X,module10,empty0
X,module20,empty0
X,module30,empty0
X,module40,empty0
X,module43,empty0
X,module44,empty0
X,module50,empty0
X,module51,empty0
X,module54,empty0
X,module60,empty0
X,module63,empty0
X,module64,empty0
X,module70,empty0
X,module71,empty0
X,module74,empty0
X,module80,empty0
X,module81,empty0
X,module82,empty0
X,module83,empty0
X,module84,empty0
X,module90,empty0
X,module91,empty0
X,module92,empty0
X,module93,empty0
X,module94,empty0
X,module100,empty0
X,module101,empty0
X,module102,empty0
X,module103,empty0
X,module104,empty0
X,module110,empty0
X,module111,empty0
X,module112,empty0
X,module113,empty0
X,module114,empty0
X,out0,empty0
Y,module00,empty0
Y,module10,empty0
Y,module20,empty0
Y,module30,empty0
Y,module40,empty0
Y,module41,empty0
Y,module42,empty0
Y,module43,empty0
Y,module44,empty0
Y,module50,empty0
Y,module51,empty0
Y,module52,empty0
Y,module53,empty0
Y,module54,empty0
Y,module60,empty0
Y,module61,empty0
Y,module62,empty0
Y,module63,empty0
Y,module64,empty0
Y,module70,empty0
Y,module71,empty0
Y,module72,empty0
Y,module73,empty0
Y,module74,empty0
Y,module80,empty0
Y,module83,empty0
Y,module84,empty0
Y,module90,empty0
Y,module91,empty0
Y,module94,empty0
Y,module100,empty0
Y,module103,empty0
Y,module104,empty0
Y,module110,empty0
Y,module111,empty0
Y,module114,empty0
Y,out0,empty0
Z,module42,empty0
Z,module43,empty0
Z,module52,empty0
Z,module53,empty0
Z,module62,empty0
Z,module63,empty0
Z,module72,empty0
Z,module73,empty0
Z,module82,empty0
Z,module83,empty0
Z,module92,empty0
Z,module93,empty0
Z,module102,empty0
Z,module103,empty0
Z,module112,empty0
Z,module113,empty0
Z,out0,empty0
Z,module80,module20
Z,module80,module94
Z,module80,module64
Z,module50,module44
Z,module90,module44
Z,module30,module44
Z,module100,module10
Z,module60,module10
Z,module110,module00
Z,module40,module00
Z,module70,module20
Z,module70,module94
Z,module70,module64
Z,module50,module30
Z,module100,module114
Z,module100,module74
Z,module110,module104
Z,module40,module104
Z,module90,module30
Z,module60,module114
Z,module110,module54
Z,module30,module30
Z,module60,module74
Z,module40,module54
X,module00,module00
X,module00,module10
X,module00,module20
X,module00,module30
X,module00,module40
X,module00,module41
X,module00,module44
X,module00,module50
X,module00,module53
X,module00,module54
X,module00,module60
X,module00,module61
X,module00,module64
X,module00,module70
X,module00,module73
X,module00,module74
X,module00,module80
X,module00,module81
X,module00,module82
X,module00,module83
X,module00,module84
X,module00,module90
X,module00,module91
X,module00,module92
X,module00,module93
X,module00,module94
X,module00,module100
X,module00,module101
X,module00,module102
X,module00,module103
X,module00,module104
X,module00,module110
X,module00,module111
X,module00,module112
X,module00,module113
X,module00,module114
X,module00,out0
Y,module00,module00
Y,module00,module10
Y,module00,module20
Y,module00,module30
Y,module00,module40
Y,module00,module41
Y,module00,module42
Y,module00,module43
Y,module00,module44
Y,module00,module50
Y,module00,module51
Y,module00,module52
Y,module00,module53
Y,module00,module54
Y,module00,module60
Y,module00,module61
Y,module00,module62
Y,module00,module63
Y,module00,module64
Y,module00,module70
Y,module00,module71
Y,module00,module72
Y,module00,module73
Y,module00,module74
Y,module00,module80
Y,module00,module81
Y,module00,module84
Y,module00,module90
Y,module00,module93
Y,module00,module94
Y,module00,module100
Y,module00,module101
Y,module00,module104
Y,module00,module110
Y,module00,module113
Y,module00,module114
Y,module00,out0
X,module10,module00
X,module20,module00
X,module30,module00
X,module40,module00
X,module43,module00
X,module44,module00
X,module50,module00
X,module51,module00
X,module54,module00
X,module60,module00
X,module63,module00
X,module64,module00
X,module70,module00
X,module71,module00
X,module74,module00
X,module80,module00
X,module81,module00
X,module82,module00
X,module83,module00
X,module84,module00
X,module90,module00
X,module91,module00
X,module92,module00
X,module93,module00
X,module94,module00
X,module100,module00
X,module101,module00
X,module102,module00
X,module103,module00
X,module104,module00
X,module110,module00
X,module111,module00
X,module112,module00
X,module113,module00
X,module114,module00
X,out0,module00
Y,module10,module00
Y,module20,module00
Y,module30,module00
Y,module40,module00
Y,module41,module00
Y,module42,module00
Y,module43,module00
Y,module44,module00
Y,module50,module00
Y,module51,module00
Y,module52,module00
Y,module53,module00
Y,module54,module00
Y,module60,module00
Y,module61,module00
Y,module62,module00
Y,module63,module00
Y,module64,module00
Y,module70,module00
Y,module71,module00
Y,module72,module00
Y,module73,module00
Y,module74,module00
Y,module80,module00
Y,module83,module00
Y,module84,module00
Y,module90,module00
Y,module91,module00
Y,module94,module00
Y,module100,module00
Y,module103,module00
Y,module104,module00
Y,module110,module00
Y,module111,module00
Y,module114,module00
Y,out0,module00
X,module10,module10
X,module10,module20
X,module10,module30
X,module10,module40
X,module10,module41
X,module10,module44
X,module10,module50
X,module10,module53
X,module10,module54
X,module10,module60
X,module10,module61
X,module10,module64
X,module10,module70
X,module10,module73
X,module10,module74
X,module10,module80
X,module10,module81
X,module10,module82
X,module10,module83
X,module10,module84
X,module10,module90
X,module10,module91
X,module10,module92
X,module10,module93
X,module10,module94
X,module10,module100
X,module10,module101
X,module10,module102
X,module10,module103
X,module10,module104
X,module10,module110
X,module10,module111
X,module10,module112
X,module10,module113
X,module10,module114
X,module10,out0
Y,module10,module10
Y,module10,module20
Y,module10,module30
Y,module10,module40
Y,module10,module41
Y,module10,module42
Y,module10,module43
Y,module10,module44
Y,module10,module50
Y,module10,module51
Y,module10,module52
Y,module10,module53
Y,module10,module54
Y,module10,module60
Y,module10,module61
Y,module10,module62
Y,module10,module63
Y,module10,module64
Y,module10,module70
Y,module10,module71
Y,module10,module72
Y,module10,module73
Y,module10,module74
Y,module10,module80
Y,module10,module81
Y,module10,module84
Y,module10,module90
Y,module10,module93
Y,module10,module94
Y,module10,module100
Y,module10,module101
Y,module10,module104
Y,module10,module110
Y,module10,module113
Y,module10,module114
Y,module10,out0
X,module20,module10
X,module30,module10
X,module40,module10
X,module43,module10
X,module44,module10
X,module50,module10
X,module51,module10
X,module54,module10
X,module60,module10
X,module63,module10
X,module64,module10
X,module70,module10
X,module71,module10
X,module74,module10
X,module80,module10
X,module81,module10
X,module82,module10
X,module83,module10
X,module84,module10
X,module90,module10
X,module91,module10
X,module92,module10
X,module93,module10
X,module94,module10
X,module100,module10
X,module101,module10
X,module102,module10
X,module103,module10
X,module104,module10
X,module110,module10
X,module111,module10
X,module112,module10
X,module113,module10
X,module114,module10
X,out0,module10
Y,module20,module10
Y,module30,module10
Y,module40,module10
Y,module41,module10
Y,module42,module10
Y,module43,module10
Y,module44,module10
Y,module50,module10
Y,module51,module10
Y,module52,module10
Y,module53,module10
Y,module54,module10
Y,module60,module10
Y,module61,module10
Y,module62,module10
Y,module63,module10
Y,module64,module10
Y,module70,module10
Y,module71,module10
Y,module72,module10
Y,module73,module10
Y,module74,module10
Y,module80,module10
Y,module83,module10
Y,module84,module10
Y,module90,module10
Y,module91,module10
Y,module94,module10
Y,module100,module10
Y,module103,module10
Y,module104,module10
Y,module110,module10
Y,module111,module10
Y,module114,module10
Y,out0,module10
X,module20,module20
X,module20,module30
X,module20,module40
X,module20,module41
X,module20,module44
X,module20,module50
X,module20,module53
X,module20,module54
X,module20,module60
X,module20,module61
X,module20,module64
X,module20,module70
X,module20,module73
X,module20,module74
X,module20,module80
X,module20,module81
X,module20,module82
X,module20,module83
X,module20,module84
X,module20,module90
X,module20,module91
X,module20,module92
X,module20,module93
X,module20,module94
X,module20,module100
X,module20,module101
X,module20,module102
X,module20,module103
X,module20,module104
X,module20,module110
X,module20,module111
X,module20,module112
X,module20,module113
X,module20,module114
X,module20,out0
Y,module20,module20
Y,module20,module30
Y,module20,module40
Y,module20,module41
Y,module20,module42
Y,module20,module43
Y,module20,module44
Y,module20,module50
Y,module20,module51
Y,module20,module52
Y,module20,module53
Y,module20,module54
Y,module20,module60
Y,module20,module61
Y,module20,module62
Y,module20,module63
Y,module20,module64
Y,module20,module70
Y,module20,module71
Y,module20,module72
Y,module20,module73
Y,module20,module74
Y,module20,module80
Y,module20,module81
Y,module20,module84
Y,module20,module90
Y,module20,module93
Y,module20,module94
Y,module20,module100
Y,module20,module101
Y,module20,module104
Y,module20,module110
Y,module20,module113
Y,module20,module114
Y,module20,out0
X,module30,module20
X,module40,module20
X,module43,module20
X,module44,module20
X,module50,module20
X,module51,module20
X,module54,module20
X,module60,module20
X,module63,module20
X,module64,module20
X,module70,module20
X,module71,module20
X,module74,module20
X,module80,module20
X,module81,module20
X,module82,module20
X,module83,module20
X,module84,module20
X,module90,module20
X,module91,module20
X,module92,module20
X,module93,module20
X,module94,module20
X,module100,module20
X,module101,module20
X,module102,module20
X,module103,module20
X,module104,module20
X,module110,module20
X,module111,module20
X,module112,module20
X,module113,module20
X,module114,module20
X,out0,module20
Y,module30,module20
Y,module40,module20
Y,module41,module20
Y,module42,module20
Y,module43,module20
Y,module44,module20
Y,module50,module20
Y,module51,module20
Y,module52,module20
Y,module53,module20
Y,module54,module20
Y,module60,module20
Y,module61,module20
Y,module62,module20
Y,module63,module20
Y,module64,module20
Y,module70,module20
Y,module71,module20
Y,module72,module20
Y,module73,module20
Y,module74,module20
Y,module80,module20
Y,module83,module20
Y,module84,module20
Y,module90,module20
Y,module91,module20
Y,module94,module20
Y,module100,module20
Y,module103,module20
Y,module104,module20
Y,module110,module20
Y,module111,module20
Y,module114,module20
Y,out0,module20
X,module30,module30
X,module30,module40
X,module30,module41
X,module30,module44
X,module30,module50
X,module30,module53
X,module30,module54
X,module30,module60
X,module30,module61
X,module30,module64
X,module30,module70
X,module30,module73
X,module30,module74
X,module30,module80
X,module30,module81
X,module30,module82
X,module30,module83
X,module30,module84
X,module30,module90
X,module30,module91
X,module30,module92
X,module30,module93
X,module30,module94
X,module30,module100
X,module30,module101
X,module30,module102
X,module30,module103
X,module30,module104
X,module30,module110
X,module30,module111
X,module30,module112
X,module30,module113
X,module30,module114
X,module30,out0
Y,module30,module30
Y,module30,module40
Y,module30,module41
Y,module30,module42
Y,module30,module43
Y,module30,module44
Y,module30,module50
Y,module30,module51
Y,module30,module52
Y,module30,module53
Y,module30,module54
Y,module30,module60
Y,module30,module61
Y,module30,module62
Y,module30,module63
Y,module30,module64
Y,module30,module70
Y,module30,module71
Y,module30,module72
Y,module30,module73
Y,module30,module74
Y,module30,module80
Y,module30,module81
Y,module30,module84
Y,module30,module90
Y,module30,module93
Y,module30,module94
Y,module30,module100
Y,module30,module101
Y,module30,module104
Y,module30,module110
Y,module30,module113
Y,module30,module114
Y,module30,out0
X,module40,module30
X,module43,module30
X,module44,module30
X,module50,module30
X,module51,module30
X,module54,module30
X,module60,module30
X,module63,module30
X,module64,module30
X,module70,module30
X,module71,module30
X,module74,module30
X,module80,module30
X,module81,module30
X,module82,module30
X,module83,module30
X,module84,module30
X,module90,module30
X,module91,module30
X,module92,module30
X,module93,module30
X,module94,module30
X,module100,module30
X,module101,module30
X,module102,module30
X,module103,module30
X,module104,module30
X,module110,module30
X,module111,module30
X,module112,module30
X,module113,module30
X,module114,module30
X,out0,module30
Y,module40,module30
Y,module41,module30
Y,module42,module30
Y,module43,module30
Y,module44,module30
Y,module50,module30
Y,module51,module30
Y,module52,module30
Y,module53,module30
Y,module54,module30
Y,module60,module30
Y,module61,module30
Y,module62,module30
Y,module63,module30
Y,module64,module30
Y,module70,module30
Y,module71,module30
Y,module72,module30
Y,module73,module30
Y,module74,module30
Y,module80,module30
Y,module83,module30
Y,module84,module30
Y,module90,module30
Y,module91,module30
Y,module94,module30
Y,module100,module30
Y,module103,module30
Y,module104,module30
Y,module110,module30
Y,module111,module30
Y,module114,module30
Y,out0,module30
X,module40,module40
X,module40,module41
X,module40,module44
X,module40,module50
X,module40,module53
X,module40,module54
X,module40,module60
X,module40,module61
X,module40,module64
X,module40,module70
X,module40,module73
X,module40,module74
X,module40,module80
X,module40,module81
X,module40,module82
X,module40,module83
X,module40,module84
X,module40,module90
X,module40,module91
X,module40,module92
X,module40,module93
X,module40,module94
X,module40,module100
X,module40,module101
X,module40,module102
X,module40,module103
X,module40,module104
X,module40,module110
X,module40,module111
X,module40,module112
X,module40,module113
X,module40,module114
X,module40,out0
Y,module40,module40
Y,module40,module41
Y,module40,module42
Y,module40,module43
Y,module40,module44
Y,module40,module50
Y,module40,module51
Y,module40,module52
Y,module40,module53
Y,module40,module54
Y,module40,module60
Y,module40,module61
Y,module40,module62
Y,module40,module63
Y,module40,module64
Y,module40,module70
Y,module40,module71
Y,module40,module72
Y,module40,module73
Y,module40,module74
Y,module40,module80
Y,module40,module81
Y,module40,module84
Y,module40,module90
Y,module40,module93
Y,module40,module94
Y,module40,module100
Y,module40,module101
Y,module40,module104
Y,module40,module110
Y,module40,module113
Y,module40,module114
Y,module40,out0
X,module43,module40
X,module44,module40
X,module50,module40
X,module51,module40
X,module54,module40
X,module60,module40
X,module63,module40
X,module64,module40
X,module70,module40
X,module71,module40
X,module74,module40
X,module80,module40
X,module81,module40
X,module82,module40
X,module83,module40
X,module84,module40
X,module90,module40
X,module91,module40
X,module92,module40
X,module93,module40
X,module94,module40
X,module100,module40
X,module101,module40
X,module102,module40
X,module103,module40
X,module104,module40
X,module110,module40
X,module111,module40
X,module112,module40
X,module113,module40
X,module114,module40
X,out0,module40
Y,module41,module40
Y,module42,module40
Y,module43,module40
Y,module44,module40
Y,module50,module40
Y,module51,module40
Y,module52,module40
Y,module53,module40
Y,module54,module40
Y,module60,module40
Y,module61,module40
Y,module62,module40
Y,module63,module40
Y,module64,module40
Y,module70,module40
Y,module71,module40
Y,module72,module40
Y,module73,module40
Y,module74,module40
Y,module80,module40
Y,module83,module40
Y,module84,module40
Y,module90,module40
Y,module91,module40
Y,module94,module40
Y,module100,module40
Y,module103,module40
Y,module104,module40
Y,module110,module40
Y,module111,module40
Y,module114,module40
Y,out0,module40
Y,module41,module41
Y,module41,module42
Y,module41,module43
Y,module41,module44
Y,module41,module50
Y,module41,module51
Y,module41,module52
Y,module41,module53
Y,module41,module54
Y,module41,module60
Y,module41,module61
Y,module41,module62
Y,module41,module63
Y,module41,module64
Y,module41,module70
Y,module41,module71
Y,module41,module72
Y,module41,module73
Y,module41,module74
Y,module41,module80
Y,module41,module81
Y,module41,module84
Y,module41,module90
Y,module41,module93
Y,module41,module94
Y,module41,module100
Y,module41,module101
Y,module41,module104
Y,module41,module110
Y,module41,module113
Y,module41,module114
Y,module41,out0
X,module43,module41
X,module44,module41
X,module50,module41
X,module51,module41
X,module54,module41
X,module60,module41
X,module63,module41
X,module64,module41
X,module70,module41
X,module71,module41
X,module74,module41
X,module80,module41
X,module81,module41
X,module82,module41
X,module83,module41
X,module84,module41
X,module90,module41
X,module91,module41
X,module92,module41
X,module93,module41
X,module94,module41
X,module100,module41
X,module101,module41
X,module102,module41
X,module103,module41
X,module104,module41
X,module110,module41
X,module111,module41
X,module112,module41
X,module113,module41
X,module114,module41
X,out0,module41
Y,module42,module41
Y,module43,module41
Y,module44,module41
Y,module50,module41
Y,module51,module41
Y,module52,module41
Y,module53,module41
Y,module54,module41
Y,module60,module41
Y,module61,module41
Y,module62,module41
Y,module63,module41
Y,module64,module41
Y,module70,module41
Y,module71,module41
Y,module72,module41
Y,module73,module41
Y,module74,module41
Y,module80,module41
Y,module83,module41
Y,module84,module41
Y,module90,module41
Y,module91,module41
Y,module94,module41
Y,module100,module41
Y,module103,module41
Y,module104,module41
Y,module110,module41
Y,module111,module41
Y,module114,module41
Y,out0,module41
Z,module42,module41
Z,module43,module41
Z,module52,module41
Z,module53,module41
Z,module62,module41
Z,module63,module41
Z,module72,module41
Z,module73,module41
Z,module82,module41
Z,module83,module41
Z,module92,module41
Z,module93,module41
Z,module102,module41
Z,module103,module41
Z,module112,module41
Z,module113,module41
Z,out0,module41
Y,module42,module42
Y,module42,module43
Y,module42,module44
Y,module42,module50
Y,module42,module51
Y,module42,module52
Y,module42,module53
Y,module42,module54
Y,module42,module60
Y,module42,module61
Y,module42,module62
Y,module42,module63
Y,module42,module64
Y,module42,module70
Y,module42,module71
Y,module42,module72
Y,module42,module73
Y,module42,module74
Y,module42,module80
Y,module42,module81
Y,module42,module84
Y,module42,module90
Y,module42,module93
Y,module42,module94
Y,module42,module100
Y,module42,module101
Y,module42,module104
Y,module42,module110
Y,module42,module113
Y,module42,module114
Y,module42,out0
Z,module42,module42
Z,module42,module51
Z,module42,module52
Z,module42,module61
Z,module42,module62
Z,module42,module71
Z,module42,module72
Z,module42,module81
Z,module42,module82
Z,module42,module91
Z,module42,module92
Z,module42,module101
Z,module42,module102
Z,module42,module111
Z,module42,module112
Z,module42,out0
Y,module43,module42
Y,module44,module42
Y,module50,module42
Y,module51,module42
Y,module52,module42
Y,module53,module42
Y,module54,module42
Y,module60,module42
Y,module61,module42
Y,module62,module42
Y,module63,module42
Y,module64,module42
Y,module70,module42
Y,module71,module42
Y,module72,module42
Y,module73,module42
Y,module74,module42
Y,module80,module42
Y,module83,module42
Y,module84,module42
Y,module90,module42
Y,module91,module42
Y,module94,module42
Y,module100,module42
Y,module103,module42
Y,module104,module42
Y,module110,module42
Y,module111,module42
Y,module114,module42
Y,out0,module42
Z,module43,module42
Z,module52,module42
Z,module53,module42
Z,module62,module42
Z,module63,module42
Z,module72,module42
Z,module73,module42
Z,module82,module42
Z,module83,module42
Z,module92,module42
Z,module93,module42
Z,module102,module42
Z,module103,module42
Z,module112,module42
Z,module113,module42
Z,out0,module42
X,module43,module44
X,module43,module50
X,module43,module53
X,module43,module54
X,module43,module60
X,module43,module61
X,module43,module64
X,module43,module70
X,module43,module73
X,module43,module74
X,module43,module80
X,module43,module81
X,module43,module82
X,module43,module83
X,module43,module84
X,module43,module90
X,module43,module91
X,module43,module92
X,module43,module93
X,module43,module94
X,module43,module100
X,module43,module101
X,module43,module102
X,module43,module103
X,module43,module104
X,module43,module110
X,module43,module111
X,module43,module112
X,module43,module113
X,module43,module114
X,module43,out0
Y,module43,module43
Y,module43,module44
Y,module43,module50
Y,module43,module51
Y,module43,module52
Y,module43,module53
Y,module43,module54
Y,module43,module60
Y,module43,module61
Y,module43,module62
Y,module43,module63
Y,module43,module64
Y,module43,module70
Y,module43,module71
Y,module43,module72
Y,module43,module73
Y,module43,module74
Y,module43,module80
Y,module43,module81
Y,module43,module84
Y,module43,module90
Y,module43,module93
Y,module43,module94
Y,module43,module100
Y,module43,module101
Y,module43,module104
Y,module43,module110
Y,module43,module113
Y,module43,module114
Y,module43,out0
Z,module43,module51
Z,module43,module52
Z,module43,module61
Z,module43,module62
Z,module43,module71
Z,module43,module72
Z,module43,module81
Z,module43,module82
Z,module43,module91
Z,module43,module92
Z,module43,module101
Z,module43,module102
Z,module43,module111
Z,module43,module112
Z,module43,out0
Y,module44,module43
Y,module50,module43
Y,module51,module43
Y,module52,module43
Y,module53,module43
Y,module54,module43
Y,module60,module43
Y,module61,module43
Y,module62,module43
Y,module63,module43
Y,module64,module43
Y,module70,module43
Y,module71,module43
Y,module72,module43
Y,module73,module43
Y,module74,module43
Y,module80,module43
Y,module83,module43
Y,module84,module43
Y,module90,module43
Y,module91,module43
Y,module94,module43
Y,module100,module43
Y,module103,module43
Y,module104,module43
Y,module110,module43
Y,module111,module43
Y,module114,module43
Y,out0,module43
X,module44,module44
X,module44,module50
X,module44,module53
X,module44,module54
X,module44,module60
X,module44,module61
X,module44,module64
X,module44,module70
X,module44,module73
X,module44,module74
X,module44,module80
X,module44,module81
X,module44,module82
X,module44,module83
X,module44,module84
X,module44,module90
X,module44,module91
X,module44,module92
X,module44,module93
X,module44,module94
X,module44,module100
X,module44,module101
X,module44,module102
X,module44,module103
X,module44,module104
X,module44,module110
X,module44,module111
X,module44,module112
X,module44,module113
X,module44,module114
X,module44,out0
Y,module44,module44
Y,module44,module50
Y,module44,module51
Y,module44,module52
Y,module44,module53
Y,module44,module54
Y,module44,module60
Y,module44,module61
Y,module44,module62
Y,module44,module63
Y,module44,module64
Y,module44,module70
Y,module44,module71
Y,module44,module72
Y,module44,module73
Y,module44,module74
Y,module44,module80
Y,module44,module81
Y,module44,module84
Y,module44,module90
Y,module44,module93
Y,module44,module94
Y,module44,module100
Y,module44,module101
Y,module44,module104
Y,module44,module110
Y,module44,module113
Y,module44,module114
Y,module44,out0
X,module50,module44
X,module51,module44
X,module54,module44
X,module60,module44
X,module63,module44
X,module64,module44
X,module70,module44
X,module71,module44
X,module74,module44
X,module80,module44
X,module81,module44
X,module82,module44
X,module83,module44
X,module84,module44
X,module90,module44
X,module91,module44
X,module92,module44
X,module93,module44
X,module94,module44
X,module100,module44
X,module101,module44
X,module102,module44
X,module103,module44
X,module104,module44
X,module110,module44
X,module111,module44
X,module112,module44
X,module113,module44
X,module114,module44
X,out0,module44
Y,module50,module44
Y,module51,module44
Y,module52,module44
Y,module53,module44
Y,module54,module44
Y,module60,module44
Y,module61,module44
Y,module62,module44
Y,module63,module44
Y,module64,module44
Y,module70,module44
Y,module71,module44
Y,module72,module44
Y,module73,module44
Y,module74,module44
Y,module80,module44
Y,module83,module44
Y,module84,module44
Y,module90,module44
Y,module91,module44
Y,module94,module44
Y,module100,module44
Y,module103,module44
Y,module104,module44
Y,module110,module44
Y,module111,module44
Y,module114,module44
Y,out0,module44
X,module50,module50
X,module50,module53
X,module50,module54
X,module50,module60
X,module50,module61
X,module50,module64
X,module50,module70
X,module50,module73
X,module50,module74
X,module50,module80
X,module50,module81
X,module50,module82
X,module50,module83
X,module50,module84
X,module50,module90
X,module50,module91
X,module50,module92
X,module50,module93
X,module50,module94
X,module50,module100
X,module50,module101
X,module50,module102
X,module50,module103
X,module50,module104
X,module50,module110
X,module50,module111
X,module50,module112
X,module50,module113
X,module50,module114
X,module50,out0
Y,module50,module50
Y,module50,module51
Y,module50,module52
Y,module50,module53
Y,module50,module54
Y,module50,module60
Y,module50,module61
Y,module50,module62
Y,module50,module63
Y,module50,module64
Y,module50,module70
Y,module50,module71
Y,module50,module72
Y,module50,module73
Y,module50,module74
Y,module50,module80
Y,module50,module81
Y,module50,module84
Y,module50,module90
Y,module50,module93
Y,module50,module94
Y,module50,module100
Y,module50,module101
Y,module50,module104
Y,module50,module110
Y,module50,module113
Y,module50,module114
Y,module50,out0
X,module51,module50
X,module54,module50
X,module60,module50
X,module63,module50
X,module64,module50
X,module70,module50
X,module71,module50
X,module74,module50
X,module80,module50
X,module81,module50
X,module82,module50
X,module83,module50
X,module84,module50
X,module90,module50
X,module91,module50
X,module92,module50
X,module93,module50
X,module94,module50
X,module100,module50
X,module101,module50
X,module102,module50
X,module103,module50
X,module104,module50
X,module110,module50
X,module111,module50
X,module112,module50
X,module113,module50
X,module114,module50
X,out0,module50
Y,module51,module50
Y,module52,module50
Y,module53,module50
Y,module54,module50
Y,module60,module50
Y,module61,module50
Y,module62,module50
Y,module63,module50
Y,module64,module50
Y,module70,module50
Y,module71,module50
Y,module72,module50
Y,module73,module50
Y,module74,module50
Y,module80,module50
Y,module83,module50
Y,module84,module50
Y,module90,module50
Y,module91,module50
Y,module94,module50
Y,module100,module50
Y,module103,module50
Y,module104,module50
Y,module110,module50
Y,module111,module50
Y,module114,module50
Y,out0,module50
X,module51,module53
X,module51,module54
X,module51,module60
X,module51,module61
X,module51,module64
X,module51,module70
X,module51,module73
X,module51,module74
X,module51,module80
X,module51,module81
X,module51,module82
X,module51,module83
X,module51,module84
X,module51,module90
X,module51,module91
X,module51,module92
X,module51,module93
X,module51,module94
X,module51,module100
X,module51,module101
X,module51,module102
X,module51,module103
X,module51,module104
X,module51,module110
X,module51,module111
X,module51,module112
X,module51,module113
X,module51,module114
X,module51,out0
Y,module51,module51
Y,module51,module52
Y,module51,module53
Y,module51,module54
Y,module51,module60
Y,module51,module61
Y,module51,module62
Y,module51,module63
Y,module51,module64
Y,module51,module70
Y,module51,module71
Y,module51,module72
Y,module51,module73
Y,module51,module74
Y,module51,module80
Y,module51,module81
Y,module51,module84
Y,module51,module90
Y,module51,module93
Y,module51,module94
Y,module51,module100
Y,module51,module101
Y,module51,module104
Y,module51,module110
Y,module51,module113
Y,module51,module114
Y,module51,out0
Y,module52,module51
Y,module53,module51
Y,module54,module51
Y,module60,module51
Y,module61,module51
Y,module62,module51
Y,module63,module51
Y,module64,module51
Y,module70,module51
Y,module71,module51
Y,module72,module51
Y,module73,module51
Y,module74,module51
Y,module80,module51
Y,module83,module51
Y,module84,module51
Y,module90,module51
Y,module91,module51
Y,module94,module51
Y,module100,module51
Y,module103,module51
Y,module104,module51
Y,module110,module51
Y,module111,module51
Y,module114,module51
Y,out0,module51
Z,module52,module51
Z,module53,module51
Z,module62,module51
Z,module63,module51
Z,module72,module51
Z,module73,module51
Z,module82,module51
Z,module83,module51
Z,module92,module51
Z,module93,module51
Z,module102,module51
Z,module103,module51
Z,module112,module51
Z,module113,module51
Z,out0,module51
Y,module52,module52
Y,module52,module53
Y,module52,module54
Y,module52,module60
Y,module52,module61
Y,module52,module62
Y,module52,module63
Y,module52,module64
Y,module52,module70
Y,module52,module71
Y,module52,module72
Y,module52,module73
Y,module52,module74
Y,module52,module80
Y,module52,module81
Y,module52,module84
Y,module52,module90
Y,module52,module93
Y,module52,module94
Y,module52,module100
Y,module52,module101
Y,module52,module104
Y,module52,module110
Y,module52,module113
Y,module52,module114
Y,module52,out0
Z,module52,module52
Z,module52,module61
Z,module52,module62
Z,module52,module71
Z,module52,module72
Z,module52,module81
Z,module52,module82
Z,module52,module91
Z,module52,module92
Z,module52,module101
Z,module52,module102
Z,module52,module111
Z,module52,module112
Z,module52,out0
Y,module53,module52
Y,module54,module52
Y,module60,module52
Y,module61,module52
Y,module62,module52
Y,module63,module52
Y,module64,module52
Y,module70,module52
Y,module71,module52
Y,module72,module52
Y,module73,module52
Y,module74,module52
Y,module80,module52
Y,module83,module52
Y,module84,module52
Y,module90,module52
Y,module91,module52
Y,module94,module52
Y,module100,module52
Y,module103,module52
Y,module104,module52
Y,module110,module52
Y,module111,module52
Y,module114,module52
Y,out0,module52
Z,module53,module52
Z,module62,module52
Z,module63,module52
Z,module72,module52
Z,module73,module52
Z,module82,module52
Z,module83,module52
Z,module92,module52
Z,module93,module52
Z,module102,module52
Z,module103,module52
Z,module112,module52
Z,module113,module52
Z,out0,module52
Y,module53,module53
Y,module53,module54
Y,module53,module60
Y,module53,module61
Y,module53,module62
Y,module53,module63
Y,module53,module64
Y,module53,module70
Y,module53,module71
Y,module53,module72
Y,module53,module73
Y,module53,module74
Y,module53,module80
Y,module53,module81
Y,module53,module84
Y,module53,module90
Y,module53,module93
Y,module53,module94
Y,module53,module100
Y,module53,module101
Y,module53,module104
Y,module53,module110
Y,module53,module113
Y,module53,module114
Y,module53,out0
Z,module53,module61
Z,module53,module62
Z,module53,module71
Z,module53,module72
Z,module53,module81
Z,module53,module82
Z,module53,module91
Z,module53,module92
Z,module53,module101
Z,module53,module102
Z,module53,module111
Z,module53,module112
Z,module53,out0
X,module54,module53
X,module60,module53
X,module63,module53
X,module64,module53
X,module70,module53
X,module71,module53
X,module74,module53
X,module80,module53
X,module81,module53
X,module82,module53
X,module83,module53
X,module84,module53
X,module90,module53
X,module91,module53
X,module92,module53
X,module93,module53
X,module94,module53
X,module100,module53
X,module101,module53
X,module102,module53
X,module103,module53
X,module104,module53
X,module110,module53
X,module111,module53
X,module112,module53
X,module113,module53
X,module114,module53
X,out0,module53
Y,module54,module53
Y,module60,module53
Y,module61,module53
Y,module62,module53
Y,module63,module53
Y,module64,module53
Y,module70,module53
Y,module71,module53
Y,module72,module53
Y,module73,module53
Y,module74,module53
Y,module80,module53
Y,module83,module53
Y,module84,module53
Y,module90,module53
Y,module91,module53
Y,module94,module53
Y,module100,module53
Y,module103,module53
Y,module104,module53
Y,module110,module53
Y,module111,module53
Y,module114,module53
Y,out0,module53
X,module54,module54
X,module54,module60
X,module54,module61
X,module54,module64
X,module54,module70
X,module54,module73
X,module54,module74
X,module54,module80
X,module54,module81
X,module54,module82
X,module54,module83
X,module54,module84
X,module54,module90
X,module54,module91
X,module54,module92
X,module54,module93
X,module54,module94
X,module54,module100
X,module54,module101
X,module54,module102
X,module54,module103
X,module54,module104
X,module54,module110
X,module54,module111
X,module54,module112
X,module54,module113
X,module54,module114
X,module54,out0
Y,module54,module54
Y,module54,module60
Y,module54,module61
Y,module54,module62
Y,module54,module63
Y,module54,module64
Y,module54,module70
Y,module54,module71
Y,module54,module72
Y,module54,module73
Y,module54,module74
Y,module54,module80
Y,module54,module81
Y,module54,module84
Y,module54,module90
Y,module54,module93
Y,module54,module94
Y,module54,module100
Y,module54,module101
Y,module54,module104
Y,module54,module110
Y,module54,module113
Y,module54,module114
Y,module54,out0
X,module60,module54
X,module63,module54
X,module64,module54
X,module70,module54
X,module71,module54
X,module74,module54
X,module80,module54
X,module81,module54
X,module82,module54
X,module83,module54
X,module84,module54
X,module90,module54
X,module91,module54
X,module92,module54
X,module93,module54
X,module94,module54
X,module100,module54
X,module101,module54
X,module102,module54
X,module103,module54
X,module104,module54
X,module110,module54
X,module111,module54
X,module112,module54
X,module113,module54
X,module114,module54
X,out0,module54
Y,module60,module54
Y,module61,module54
Y,module62,module54
Y,module63,module54
Y,module64,module54
Y,module70,module54
Y,module71,module54
Y,module72,module54
Y,module73,module54
Y,module74,module54
Y,module80,module54
Y,module83,module54
Y,module84,module54
Y,module90,module54
Y,module91,module54
Y,module94,module54
Y,module100,module54
Y,module103,module54
Y,module104,module54
Y,module110,module54
Y,module111,module54
Y,module114,module54
Y,out0,module54
X,module60,module60
X,module60,module61
X,module60,module64
X,module60,module70
X,module60,module73
X,module60,module74
X,module60,module80
X,module60,module81
X,module60,module82
X,module60,module83
X,module60,module84
X,module60,module90
X,module60,module91
X,module60,module92
X,module60,module93
X,module60,module94
X,module60,module100
X,module60,module101
X,module60,module102
X,module60,module103
X,module60,module104
X,module60,module110
X,module60,module111
X,module60,module112
X,module60,module113
X,module60,module114
X,module60,out0
Y,module60,module60
Y,module60,module61
Y,module60,module62
Y,module60,module63
Y,module60,module64
Y,module60,module70
Y,module60,module71
Y,module60,module72
Y,module60,module73
Y,module60,module74
Y,module60,module80
Y,module60,module81
Y,module60,module84
Y,module60,module90
Y,module60,module93
Y,module60,module94
Y,module60,module100
Y,module60,module101
Y,module60,module104
Y,module60,module110
Y,module60,module113
Y,module60,module114
Y,module60,out0
X,module63,module60
X,module64,module60
X,module70,module60
X,module71,module60
X,module74,module60
X,module80,module60
X,module81,module60
X,module82,module60
X,module83,module60
X,module84,module60
X,module90,module60
X,module91,module60
X,module92,module60
X,module93,module60
X,module94,module60
X,module100,module60
X,module101,module60
X,module102,module60
X,module103,module60
X,module104,module60
X,module110,module60
X,module111,module60
X,module112,module60
X,module113,module60
X,module114,module60
X,out0,module60
Y,module61,module60
Y,module62,module60
Y,module63,module60
Y,module64,module60
Y,module70,module60
Y,module71,module60
Y,module72,module60
Y,module73,module60
Y,module74,module60
Y,module80,module60
Y,module83,module60
Y,module84,module60
Y,module90,module60
Y,module91,module60
Y,module94,module60
Y,module100,module60
Y,module103,module60
Y,module104,module60
Y,module110,module60
Y,module111,module60
Y,module114,module60
Y,out0,module60
Y,module61,module61
Y,module61,module62
Y,module61,module63
Y,module61,module64
Y,module61,module70
Y,module61,module71
Y,module61,module72
Y,module61,module73
Y,module61,module74
Y,module61,module80
Y,module61,module81
Y,module61,module84
Y,module61,module90
Y,module61,module93
Y,module61,module94
Y,module61,module100
Y,module61,module101
Y,module61,module104
Y,module61,module110
Y,module61,module113
Y,module61,module114
Y,module61,out0
X,module63,module61
X,module64,module61
X,module70,module61
X,module71,module61
X,module74,module61
X,module80,module61
X,module81,module61
X,module82,module61
X,module83,module61
X,module84,module61
X,module90,module61
X,module91,module61
X,module92,module61
X,module93,module61
X,module94,module61
X,module100,module61
X,module101,module61
X,module102,module61
X,module103,module61
X,module104,module61
X,module110,module61
X,module111,module61
X,module112,module61
X,module113,module61
X,module114,module61
X,out0,module61
Y,module62,module61
Y,module63,module61
Y,module64,module61
Y,module70,module61
Y,module71,module61
Y,module72,module61
Y,module73,module61
Y,module74,module61
Y,module80,module61
Y,module83,module61
Y,module84,module61
Y,module90,module61
Y,module91,module61
Y,module94,module61
Y,module100,module61
Y,module103,module61
Y,module104,module61
Y,module110,module61
Y,module111,module61
Y,module114,module61
Y,out0,module61
Z,module62,module61
Z,module63,module61
Z,module72,module61
Z,module73,module61
Z,module82,module61
Z,module83,module61
Z,module92,module61
Z,module93,module61
Z,module102,module61
Z,module103,module61
Z,module112,module61
Z,module113,module61
Z,out0,module61
Y,module62,module62
Y,module62,module63
Y,module62,module64
Y,module62,module70
Y,module62,module71
Y,module62,module72
Y,module62,module73
Y,module62,module74
Y,module62,module80
Y,module62,module81
Y,module62,module84
Y,module62,module90
Y,module62,module93
Y,module62,module94
Y,module62,module100
Y,module62,module101
Y,module62,module104
Y,module62,module110
Y,module62,module113
Y,module62,module114
Y,module62,out0
Z,module62,module62
Z,module62,module71
Z,module62,module72
Z,module62,module81
Z,module62,module82
Z,module62,module91
Z,module62,module92
Z,module62,module101
Z,module62,module102
Z,module62,module111
Z,module62,module112
Z,module62,out0
Y,module63,module62
Y,module64,module62
Y,module70,module62
Y,module71,module62
Y,module72,module62
Y,module73,module62
Y,module74,module62
Y,module80,module62
Y,module83,module62
Y,module84,module62
Y,module90,module62
Y,module91,module62
Y,module94,module62
Y,module100,module62
Y,module103,module62
Y,module104,module62
Y,module110,module62
Y,module111,module62
Y,module114,module62
Y,out0,module62
Z,module63,module62
Z,module72,module62
Z,module73,module62
Z,module82,module62
Z,module83,module62
Z,module92,module62
Z,module93,module62
Z,module102,module62
Z,module103,module62
Z,module112,module62
Z,module113,module62
Z,out0,module62
X,module63,module64
X,module63,module70
X,module63,module73
X,module63,module74
X,module63,module80
X,module63,module81
X,module63,module82
X,module63,module83
X,module63,module84
X,module63,module90
X,module63,module91
X,module63,module92
X,module63,module93
X,module63,module94
X,module63,module100
X,module63,module101
X,module63,module102
X,module63,module103
X,module63,module104
X,module63,module110
X,module63,module111
X,module63,module112
X,module63,module113
X,module63,module114
X,module63,out0
Y,module63,module63
Y,module63,module64
Y,module63,module70
Y,module63,module71
Y,module63,module72
Y,module63,module73
Y,module63,module74
Y,module63,module80
Y,module63,module81
Y,module63,module84
Y,module63,module90
Y,module63,module93
Y,module63,module94
Y,module63,module100
Y,module63,module101
Y,module63,module104
Y,module63,module110
Y,module63,module113
Y,module63,module114
Y,module63,out0
Z,module63,module71
Z,module63,module72
Z,module63,module81
Z,module63,module82
Z,module63,module91
Z,module63,module92
Z,module63,module101
Z,module63,module102
Z,module63,module111
Z,module63,module112
Z,module63,out0
Y,module64,module63
Y,module70,module63
Y,module71,module63
Y,module72,module63
Y,module73,module63
Y,module74,module63
Y,module80,module63
Y,module83,module63
Y,module84,module63
Y,module90,module63
Y,module91,module63
Y,module94,module63
Y,module100,module63
Y,module103,module63
Y,module104,module63
Y,module110,module63
Y,module111,module63
Y,module114,module63
Y,out0,module63
X,module64,module64
X,module64,module70
X,module64,module73
X,module64,module74
X,module64,module80
X,module64,module81
X,module64,module82
X,module64,module83
X,module64,module84
X,module64,module90
X,module64,module91
X,module64,module92
X,module64,module93
X,module64,module94
X,module64,module100
X,module64,module101
X,module64,module102
X,module64,module103
X,module64,module104
X,module64,module110
X,module64,module111
X,module64,module112
X,module64,module113
X,module64,module114
X,module64,out0
Y,module64,module64
Y,module64,module70
Y,module64,module71
Y,module64,module72
Y,module64,module73
Y,module64,module74
Y,module64,module80
Y,module64,module81
Y,module64,module84
Y,module64,module90
Y,module64,module93
Y,module64,module94
Y,module64,module100
Y,module64,module101
Y,module64,module104
Y,module64,module110
Y,module64,module113
Y,module64,module114
Y,module64,out0
X,module70,module64
X,module71,module64
X,module74,module64
X,module80,module64
X,module81,module64
X,module82,module64
X,module83,module64
X,module84,module64
X,module90,module64
X,module91,module64
X,module92,module64
X,module93,module64
X,module94,module64
X,module100,module64
X,module101,module64
X,module102,module64
X,module103,module64
X,module104,module64
X,module110,module64
X,module111,module64
X,module112,module64
X,module113,module64
X,module114,module64
X,out0,module64
Y,module70,module64
Y,module71,module64
Y,module72,module64
Y,module73,module64
Y,module74,module64
Y,module80,module64
Y,module83,module64
Y,module84,module64
Y,module90,module64
Y,module91,module64
Y,module94,module64
Y,module100,module64
Y,module103,module64
Y,module104,module64
Y,module110,module64
Y,module111,module64
Y,module114,module64
Y,out0,module64
X,module70,module70
X,module70,module73
X,module70,module74
X,module70,module80
X,module70,module81
X,module70,module82
X,module70,module83
X,module70,module84
X,module70,module90
X,module70,module91
X,module70,module92
X,module70,module93
X,module70,module94
X,module70,module100
X,module70,module101
X,module70,module102
X,module70,module103
X,module70,module104
X,module70,module110
X,module70,module111
X,module70,module112
X,module70,module113
X,module70,module114
X,module70,out0
Y,module70,module70
Y,module70,module71
Y,module70,module72
Y,module70,module73
Y,module70,module74
Y,module70,module80
Y,module70,module81
Y,module70,module84
Y,module70,module90
Y,module70,module93
Y,module70,module94
Y,module70,module100
Y,module70,module101
Y,module70,module104
Y,module70,module110
Y,module70,module113
Y,module70,module114
Y,module70,out0
X,module71,module70
X,module74,module70
X,module80,module70
X,module81,module70
X,module82,module70
X,module83,module70
X,module84,module70
X,module90,module70
X,module91,module70
X,module92,module70
X,module93,module70
X,module94,module70
X,module100,module70
X,module101,module70
X,module102,module70
X,module103,module70
X,module104,module70
X,module110,module70
X,module111,module70
X,module112,module70
X,module113,module70
X,module114,module70
X,out0,module70
Y,module71,module70
Y,module72,module70
Y,module73,module70
Y,module74,module70
Y,module80,module70
Y,module83,module70
Y,module84,module70
Y,module90,module70
Y,module91,module70
Y,module94,module70
Y,module100,module70
Y,module103,module70
Y,module104,module70
Y,module110,module70
Y,module111,module70
Y,module114,module70
Y,out0,module70
X,module71,module73
X,module71,module74
X,module71,module80
X,module71,module81
X,module71,module82
X,module71,module83
X,module71,module84
X,module71,module90
X,module71,module91
X,module71,module92
X,module71,module93
X,module71,module94
X,module71,module100
X,module71,module101
X,module71,module102
X,module71,module103
X,module71,module104
X,module71,module110
X,module71,module111
X,module71,module112
X,module71,module113
X,module71,module114
X,module71,out0
Y,module71,module71
Y,module71,module72
Y,module71,module73
Y,module71,module74
Y,module71,module80
Y,module71,module81
Y,module71,module84
Y,module71,module90
Y,module71,module93
Y,module71,module94
Y,module71,module100
Y,module71,module101
Y,module71,module104
Y,module71,module110
Y,module71,module113
Y,module71,module114
Y,module71,out0
Y,module72,module71
Y,module73,module71
Y,module74,module71
Y,module80,module71
Y,module83,module71
Y,module84,module71
Y,module90,module71
Y,module91,module71
Y,module94,module71
Y,module100,module71
Y,module103,module71
Y,module104,module71
Y,module110,module71
Y,module111,module71
Y,module114,module71
Y,out0,module71
Z,module72,module71
Z,module73,module71
Z,module82,module71
Z,module83,module71
Z,module92,module71
Z,module93,module71
Z,module102,module71
Z,module103,module71
Z,module112,module71
Z,module113,module71
Z,out0,module71
Y,module72,module72
Y,module72,module73
Y,module72,module74
Y,module72,module80
Y,module72,module81
Y,module72,module84
Y,module72,module90
Y,module72,module93
Y,module72,module94
Y,module72,module100
Y,module72,module101
Y,module72,module104
Y,module72,module110
Y,module72,module113
Y,module72,module114
Y,module72,out0
Z,module72,module72
Z,module72,module81
Z,module72,module82
Z,module72,module91
Z,module72,module92
Z,module72,module101
Z,module72,module102
Z,module72,module111
Z,module72,module112
Z,module72,out0
Y,module73,module72
Y,module74,module72
Y,module80,module72
Y,module83,module72
Y,module84,module72
Y,module90,module72
Y,module91,module72
Y,module94,module72
Y,module100,module72
Y,module103,module72
Y,module104,module72
Y,module110,module72
Y,module111,module72
Y,module114,module72
Y,out0,module72
Z,module73,module72
Z,module82,module72
Z,module83,module72
Z,module92,module72
Z,module93,module72
Z,module102,module72
Z,module103,module72
Z,module112,module72
Z,module113,module72
Z,out0,module72
Y,module73,module73
Y,module73,module74
Y,module73,module80
Y,module73,module81
Y,module73,module84
Y,module73,module90
Y,module73,module93
Y,module73,module94
Y,module73,module100
Y,module73,module101
Y,module73,module104
Y,module73,module110
Y,module73,module113
Y,module73,module114
Y,module73,out0
Z,module73,module81
Z,module73,module82
Z,module73,module91
Z,module73,module92
Z,module73,module101
Z,module73,module102
Z,module73,module111
Z,module73,module112
Z,module73,out0
X,module74,module73
X,module80,module73
X,module81,module73
X,module82,module73
X,module83,module73
X,module84,module73
X,module90,module73
X,module91,module73
X,module92,module73
X,module93,module73
X,module94,module73
X,module100,module73
X,module101,module73
X,module102,module73
X,module103,module73
X,module104,module73
X,module110,module73
X,module111,module73
X,module112,module73
X,module113,module73
X,module114,module73
X,out0,module73
Y,module74,module73
Y,module80,module73
Y,module83,module73
Y,module84,module73
Y,module90,module73
Y,module91,module73
Y,module94,module73
Y,module100,module73
Y,module103,module73
Y,module104,module73
Y,module110,module73
Y,module111,module73
Y,module114,module73
Y,out0,module73
X,module74,module74
X,module74,module80
X,module74,module81
X,module74,module82
X,module74,module83
X,module74,module84
X,module74,module90
X,module74,module91
X,module74,module92
X,module74,module93
X,module74,module94
X,module74,module100
X,module74,module101
X,module74,module102
X,module74,module103
X,module74,module104
X,module74,module110
X,module74,module111
X,module74,module112
X,module74,module113
X,module74,module114
X,module74,out0
Y,module74,module74
Y,module74,module80
Y,module74,module81
Y,module74,module84
Y,module74,module90
Y,module74,module93
Y,module74,module94
Y,module74,module100
Y,module74,module101
Y,module74,module104
Y,module74,module110
Y,module74,module113
Y,module74,module114
Y,module74,out0
X,module80,module74
X,module81,module74
X,module82,module74
X,module83,module74
X,module84,module74
X,module90,module74
X,module91,module74
X,module92,module74
X,module93,module74
X,module94,module74
X,module100,module74
X,module101,module74
X,module102,module74
X,module103,module74
X,module104,module74
X,module110,module74
X,module111,module74
X,module112,module74
X,module113,module74
X,module114,module74
X,out0,module74
Y,module80,module74
Y,module83,module74
Y,module84,module74
Y,module90,module74
Y,module91,module74
Y,module94,module74
Y,module100,module74
Y,module103,module74
Y,module104,module74
Y,module110,module74
Y,module111,module74
Y,module114,module74
Y,out0,module74
X,module80,module80
X,module80,module81
X,module80,module82
X,module80,module83
X,module80,module84
X,module80,module90
X,module80,module91
X,module80,module92
X,module80,module93
X,module80,module94
X,module80,module100
X,module80,module101
X,module80,module102
X,module80,module103
X,module80,module104
X,module80,module110
X,module80,module111
X,module80,module112
X,module80,module113
X,module80,module114
X,module80,out0
Y,module80,module80
Y,module80,module81
Y,module80,module84
Y,module80,module90
Y,module80,module93
Y,module80,module94
Y,module80,module100
Y,module80,module101
Y,module80,module104
Y,module80,module110
Y,module80,module113
Y,module80,module114
Y,module80,out0
X,module81,module80
X,module82,module80
X,module83,module80
X,module84,module80
X,module90,module80
X,module91,module80
X,module92,module80
X,module93,module80
X,module94,module80
X,module100,module80
X,module101,module80
X,module102,module80
X,module103,module80
X,module104,module80
X,module110,module80
X,module111,module80
X,module112,module80
X,module113,module80
X,module114,module80
X,out0,module80
Y,module83,module80
Y,module84,module80
Y,module90,module80
Y,module91,module80
Y,module94,module80
Y,module100,module80
Y,module103,module80
Y,module104,module80
Y,module110,module80
Y,module111,module80
Y,module114,module80
Y,out0,module80
X,module81,module81
X,module81,module82
X,module81,module83
X,module81,module84
X,module81,module90
X,module81,module91
X,module81,module92
X,module81,module93
X,module81,module94
X,module81,module100
X,module81,module101
X,module81,module102
X,module81,module103
X,module81,module104
X,module81,module110
X,module81,module111
X,module81,module112
X,module81,module113
X,module81,module114
X,module81,out0
X,module82,module81
X,module83,module81
X,module84,module81
X,module90,module81
X,module91,module81
X,module92,module81
X,module93,module81
X,module94,module81
X,module100,module81
X,module101,module81
X,module102,module81
X,module103,module81
X,module104,module81
X,module110,module81
X,module111,module81
X,module112,module81
X,module113,module81
X,module114,module81
X,out0,module81
Y,module83,module81
Y,module84,module81
Y,module90,module81
Y,module91,module81
Y,module94,module81
Y,module100,module81
Y,module103,module81
Y,module104,module81
Y,module110,module81
Y,module111,module81
Y,module114,module81
Y,out0,module81
Z,module82,module81
Z,module83,module81
Z,module92,module81
Z,module93,module81
Z,module102,module81
Z,module103,module81
Z,module112,module81
Z,module113,module81
Z,out0,module81
X,module82,module82
X,module82,module83
X,module82,module84
X,module82,module90
X,module82,module91
X,module82,module92
X,module82,module93
X,module82,module94
X,module82,module100
X,module82,module101
X,module82,module102
X,module82,module103
X,module82,module104
X,module82,module110
X,module82,module111
X,module82,module112
X,module82,module113
X,module82,module114
X,module82,out0
Z,module82,module82
Z,module82,module91
Z,module82,module92
Z,module82,module101
Z,module82,module102
Z,module82,module111
Z,module82,module112
Z,module82,out0
X,module83,module82
X,module84,module82
X,module90,module82
X,module91,module82
X,module92,module82
X,module93,module82
X,module94,module82
X,module100,module82
X,module101,module82
X,module102,module82
X,module103,module82
X,module104,module82
X,module110,module82
X,module111,module82
X,module112,module82
X,module113,module82
X,module114,module82
X,out0,module82
Z,module83,module82
Z,module92,module82
Z,module93,module82
Z,module102,module82
Z,module103,module82
Z,module112,module82
Z,module113,module82
Z,out0,module82
X,module83,module83
X,module83,module84
X,module83,module90
X,module83,module91
X,module83,module92
X,module83,module93
X,module83,module94
X,module83,module100
X,module83,module101
X,module83,module102
X,module83,module103
X,module83,module104
X,module83,module110
X,module83,module111
X,module83,module112
X,module83,module113
X,module83,module114
X,module83,out0
Y,module83,module84
Y,module83,module90
Y,module83,module93
Y,module83,module94
Y,module83,module100
Y,module83,module101
Y,module83,module104
Y,module83,module110
Y,module83,module113
Y,module83,module114
Y,module83,out0
Z,module83,module91
Z,module83,module92
Z,module83,module101
Z,module83,module102
Z,module83,module111
Z,module83,module112
Z,module83,out0
X,module84,module83
X,module90,module83
X,module91,module83
X,module92,module83
X,module93,module83
X,module94,module83
X,module100,module83
X,module101,module83
X,module102,module83
X,module103,module83
X,module104,module83
X,module110,module83
X,module111,module83
X,module112,module83
X,module113,module83
X,module114,module83
X,out0,module83
X,module84,module84
X,module84,module90
X,module84,module91
X,module84,module92
X,module84,module93
X,module84,module94
X,module84,module100
X,module84,module101
X,module84,module102
X,module84,module103
X,module84,module104
X,module84,module110
X,module84,module111
X,module84,module112
X,module84,module113
X,module84,module114
X,module84,out0
Y,module84,module84
Y,module84,module90
Y,module84,module93
Y,module84,module94
Y,module84,module100
Y,module84,module101
Y,module84,module104
Y,module84,module110
Y,module84,module113
Y,module84,module114
Y,module84,out0
X,module90,module84
X,module91,module84
X,module92,module84
X,module93,module84
X,module94,module84
X,module100,module84
X,module101,module84
X,module102,module84
X,module103,module84
X,module104,module84
X,module110,module84
X,module111,module84
X,module112,module84
X,module113,module84
X,module114,module84
X,out0,module84
Y,module90,module84
Y,module91,module84
Y,module94,module84
Y,module100,module84
Y,module103,module84
Y,module104,module84
Y,module110,module84
Y,module111,module84
Y,module114,module84
Y,out0,module84
X,module90,module90
X,module90,module91
X,module90,module92
X,module90,module93
X,module90,module94
X,module90,module100
X,module90,module101
X,module90,module102
X,module90,module103
X,module90,module104
X,module90,module110
X,module90,module111
X,module90,module112
X,module90,module113
X,module90,module114
X,module90,out0
Y,module90,module90
Y,module90,module93
Y,module90,module94
Y,module90,module100
Y,module90,module101
Y,module90,module104
Y,module90,module110
Y,module90,module113
Y,module90,module114
Y,module90,out0
X,module91,module90
X,module92,module90
X,module93,module90
X,module94,module90
X,module100,module90
X,module101,module90
X,module102,module90
X,module103,module90
X,module104,module90
X,module110,module90
X,module111,module90
X,module112,module90
X,module113,module90
X,module114,module90
X,out0,module90
Y,module91,module90
Y,module94,module90
Y,module100,module90
Y,module103,module90
Y,module104,module90
Y,module110,module90
Y,module111,module90
Y,module114,module90
Y,out0,module90
X,module91,module91
X,module91,module92
X,module91,module93
X,module91,module94
X,module91,module100
X,module91,module101
X,module91,module102
X,module91,module103
X,module91,module104
X,module91,module110
X,module91,module111
X,module91,module112
X,module91,module113
X,module91,module114
X,module91,out0
Y,module91,module93
Y,module91,module94
Y,module91,module100
Y,module91,module101
Y,module91,module104
Y,module91,module110
Y,module91,module113
Y,module91,module114
Y,module91,out0
X,module92,module91
X,module93,module91
X,module94,module91
X,module100,module91
X,module101,module91
X,module102,module91
X,module103,module91
X,module104,module91
X,module110,module91
X,module111,module91
X,module112,module91
X,module113,module91
X,module114,module91
X,out0,module91
Z,module92,module91
Z,module93,module91
Z,module102,module91
Z,module103,module91
Z,module112,module91
Z,module113,module91
Z,out0,module91
X,module92,module92
X,module92,module93
X,module92,module94
X,module92,module100
X,module92,module101
X,module92,module102
X,module92,module103
X,module92,module104
X,module92,module110
X,module92,module111
X,module92,module112
X,module92,module113
X,module92,module114
X,module92,out0
Z,module92,module92
Z,module92,module101
Z,module92,module102
Z,module92,module111
Z,module92,module112
Z,module92,out0
X,module93,module92
X,module94,module92
X,module100,module92
X,module101,module92
X,module102,module92
X,module103,module92
X,module104,module92
X,module110,module92
X,module111,module92
X,module112,module92
X,module113,module92
X,module114,module92
X,out0,module92
Z,module93,module92
Z,module102,module92
Z,module103,module92
Z,module112,module92
Z,module113,module92
Z,out0,module92
X,module93,module93
X,module93,module94
X,module93,module100
X,module93,module101
X,module93,module102
X,module93,module103
X,module93,module104
X,module93,module110
X,module93,module111
X,module93,module112
X,module93,module113
X,module93,module114
X,module93,out0
Z,module93,module101
Z,module93,module102
Z,module93,module111
Z,module93,module112
Z,module93,out0
X,module94,module93
X,module100,module93
X,module101,module93
X,module102,module93
X,module103,module93
X,module104,module93
X,module110,module93
X,module111,module93
X,module112,module93
X,module113,module93
X,module114,module93
X,out0,module93
Y,module94,module93
Y,module100,module93
Y,module103,module93
Y,module104,module93
Y,module110,module93
Y,module111,module93
Y,module114,module93
Y,out0,module93
X,module94,module94
X,module94,module100
X,module94,module101
X,module94,module102
X,module94,module103
X,module94,module104
X,module94,module110
X,module94,module111
X,module94,module112
X,module94,module113
X,module94,module114
X,module94,out0
Y,module94,module94
Y,module94,module100
Y,module94,module101
Y,module94,module104
Y,module94,module110
Y,module94,module113
Y,module94,module114
Y,module94,out0
X,module100,module94
X,module101,module94
X,module102,module94
X,module103,module94
X,module104,module94
X,module110,module94
X,module111,module94
X,module112,module94
X,module113,module94
X,module114,module94
X,out0,module94
Y,module100,module94
Y,module103,module94
Y,module104,module94
Y,module110,module94
Y,module111,module94
Y,module114,module94
Y,out0,module94
X,module100,module100
X,module100,module101
X,module100,module102
X,module100,module103
X,module100,module104
X,module100,module110
X,module100,module111
X,module100,module112
X,module100,module113
X,module100,module114
X,module100,out0
Y,module100,module100
Y,module100,module101
Y,module100,module104
Y,module100,module110
Y,module100,module113
Y,module100,module114
Y,module100,out0
X,module101,module100
X,module102,module100
X,module103,module100
X,module104,module100
X,module110,module100
X,module111,module100
X,module112,module100
X,module113,module100
X,module114,module100
X,out0,module100
Y,module103,module100
Y,module104,module100
Y,module110,module100
Y,module111,module100
Y,module114,module100
Y,out0,module100
X,module101,module101
X,module101,module102
X,module101,module103
X,module101,module104
X,module101,module110
X,module101,module111
X,module101,module112
X,module101,module113
X,module101,module114
X,module101,out0
X,module102,module101
X,module103,module101
X,module104,module101
X,module110,module101
X,module111,module101
X,module112,module101
X,module113,module101
X,module114,module101
X,out0,module101
Y,module103,module101
Y,module104,module101
Y,module110,module101
Y,module111,module101
Y,module114,module101
Y,out0,module101
Z,module102,module101
Z,module103,module101
Z,module112,module101
Z,module113,module101
Z,out0,module101
X,module102,module102
X,module102,module103
X,module102,module104
X,module102,module110
X,module102,module111
X,module102,module112
X,module102,module113
X,module102,module114
X,module102,out0
Z,module102,module102
Z,module102,module111
Z,module102,module112
Z,module102,out0
X,module103,module102
X,module104,module102
X,module110,module102
X,module111,module102
X,module112,module102
X,module113,module102
X,module114,module102
X,out0,module102
Z,module103,module102
Z,module112,module102
Z,module113,module102
Z,out0,module102
X,module103,module103
X,module103,module104
X,module103,module110
X,module103,module111
X,module103,module112
X,module103,module113
X,module103,module114
X,module103,out0
Y,module103,module104
Y,module103,module110
Y,module103,module113
Y,module103,module114
Y,module103,out0
Z,module103,module111
Z,module103,module112
Z,module103,out0
X,module104,module103
X,module110,module103
X,module111,module103
X,module112,module103
X,module113,module103
X,module114,module103
X,out0,module103
X,module104,module104
X,module104,module110
X,module104,module111
X,module104,module112
X,module104,module113
X,module104,module114
X,module104,out0
Y,module104,module104
Y,module104,module110
Y,module104,module113
Y,module104,module114
Y,module104,out0
X,module110,module104
X,module111,module104
X,module112,module104
X,module113,module104
X,module114,module104
X,out0,module104
Y,module110,module104
Y,module111,module104
Y,module114,module104
Y,out0,module104
X,module110,module110
X,module110,module111
X,module110,module112
X,module110,module113
X,module110,module114
X,module110,out0
Y,module110,module110
Y,module110,module113
Y,module110,module114
Y,module110,out0
X,module111,module110
X,module112,module110
X,module113,module110
X,module114,module110
X,out0,module110
Y,module111,module110
Y,module114,module110
Y,out0,module110
X,module111,module111
X,module111,module112
X,module111,module113
X,module111,module114
X,module111,out0
Y,module111,module113
Y,module111,module114
Y,module111,out0
X,module112,module111
X,module113,module111
X,module114,module111
X,out0,module111
Z,module112,module111
Z,module113,module111
Z,out0,module111
X,module112,module112
X,module112,module113
X,module112,module114
X,module112,out0
Z,module112,module112
Z,module112,out0
X,module113,module112
X,module114,module112
X,out0,module112
Z,module113,module112
Z,out0,module112
X,module113,module113
X,module113,module114
X,module113,out0
Z,module113,out0
X,module114,module113
X,out0,module113
Y,module114,module113
Y,out0,module113
X,module114,module114
X,module114,out0
Y,module114,module114
Y,module114,out0
X,out0,module114
Y,out0,module114
X,out0,out0
Y,out0,out0
Z,out0,out0
X,module41,module42
Z,module41,module40
X,module42,module43
Z,module44,module43
Z,module51,module50
X,module52,module51
X,module53,module52
Z,module54,module53
X,module61,module62
Z,module61,module60
X,module62,module63
Z,module64,module63
Z,module71,module70
X,module72,module71
X,module73,module72
Z,module74,module73
Y,module81,module82
Z,module81,module80
Y,module82,module83
Z,module84,module83
Z,module91,module90
Y,module92,module91
Y,module93,module92
Z,module94,module93
Y,module101,module102
Z,module101,module100
Y,module102,module103
Z,module104,module103
Z,module111,module110
Y,module112,module111
Y,module113,module112
Z,module114,module113
